{"cameraMode":{"drawMode":2,"name":"Shaded Wireframe","section":"Shading Mode"},"sceneLighting":true,"audioPlay":false,"sceneViewState":{"m_AlwaysRefresh":false,"showFog":true,"showSkybox":true,"showFlares":true,"showImageEffects":true,"showParticleSystems":true,"showVisualEffectGraphs":true,"m_FxEnabled":true},"in2DMode":false,"pivot":{"x":1090.7093505859375,"y":756.9749145507813,"z":371.2608947753906},"rotation":{"x":0.07461162656545639,"y":0.017054203897714616,"z":0.0013303637970238925,"w":-0.9970945715904236},"size":861.8689575195313,"orthographic":false}